{
  "b390814d-2c26-43d2-a6fc-1b48139ece92": {
    "asset": 1465618284155,
    "meta": 1524131789363,
    "relativePath": "gizmos"
  },
  "f8e6b000-5643-4b86-9080-aa680ce1f599": {
    "asset": 1513678371855,
    "meta": 1511259900000,
    "relativePath": "image"
  },
  "71561142-4c83-4933-afca-cb7a17f67053": {
    "asset": 1511259900000,
    "meta": 1524131788729,
    "relativePath": "image\\default_btn_disabled.png"
  },
  "e851e89b-faa2-4484-bea6-5c01dd9f06e2": {
    "asset": 1511259900000,
    "meta": 1524131788731,
    "relativePath": "image\\default_btn_normal.png"
  },
  "b43ff3c2-02bb-4874-81f7-f2dea6970f18": {
    "asset": 1511259900000,
    "meta": 1524131788743,
    "relativePath": "image\\default_btn_pressed.png"
  },
  "d81ec8ad-247c-4e62-aa3c-d35c4193c7af": {
    "asset": 1511259900000,
    "meta": 1524131788746,
    "relativePath": "image\\default_panel.png"
  },
  "99170b0b-d210-46f1-b213-7d9e3f23098a": {
    "asset": 1511259900000,
    "meta": 1524131788755,
    "relativePath": "image\\default_progressbar_bg.png"
  },
  "cfef78f1-c8df-49b7-8ed0-4c953ace2621": {
    "asset": 1511259900000,
    "meta": 1524131788755,
    "relativePath": "image\\default_progressbar.png"
  },
  "9d60001f-b5f4-4726-a629-2659e3ded0b8": {
    "asset": 1511259900000,
    "meta": 1524131788780,
    "relativePath": "image\\default_radio_button_on.png"
  },
  "567dcd80-8bf4-4535-8a5a-313f1caf078a": {
    "asset": 1511259900000,
    "meta": 1524131788780,
    "relativePath": "image\\default_radio_button_off.png"
  },
  "4bab67cb-18e6-4099-b840-355f0473f890": {
    "asset": 1511259900000,
    "meta": 1524131788790,
    "relativePath": "image\\default_scrollbar_bg.png"
  },
  "617323dd-11f4-4dd3-8eec-0caf6b3b45b9": {
    "asset": 1511259900000,
    "meta": 1524131788793,
    "relativePath": "image\\default_scrollbar_vertical_bg.png"
  },
  "d6d3ca85-4681-47c1-b5dd-d036a9d39ea2": {
    "asset": 1511259900000,
    "meta": 1524131788798,
    "relativePath": "image\\default_scrollbar_vertical.png"
  },
  "0291c134-b3da-4098-b7b5-e397edbe947f": {
    "asset": 1511259900000,
    "meta": 1524131788800,
    "relativePath": "image\\default_scrollbar.png"
  },
  "6e056173-d285-473c-b206-40a7fff5386e": {
    "asset": 1511259900000,
    "meta": 1524131788809,
    "relativePath": "image\\default_sprite.png"
  },
  "0275e94c-56a7-410f-bd1a-fc7483f7d14a": {
    "asset": 1511259900000,
    "meta": 1524131788812,
    "relativePath": "image\\default_sprite_splash.png"
  },
  "73a0903d-d80e-4e3c-aa67-f999543c08f5": {
    "asset": 1511259900000,
    "meta": 1524131788819,
    "relativePath": "image\\default_toggle_checkmark.png"
  },
  "c25b9d50-c8fc-4d27-beeb-6e7c1f2e5c0f": {
    "asset": 1511259900000,
    "meta": 1524131788826,
    "relativePath": "image\\default_toggle_disabled.png"
  },
  "d29077ba-1627-4a72-9579-7b56a235340c": {
    "asset": 1511259900000,
    "meta": 1524131788829,
    "relativePath": "image\\default_toggle_normal.png"
  },
  "fc09f9bd-2cce-4605-b630-8145ef809ed6": {
    "asset": 1513678358283,
    "meta": 1511259900000,
    "relativePath": "misc"
  },
  "2be36297-9abb-4fee-8049-9ed5e271da8a": {
    "asset": 1511259900000,
    "meta": 1511259900000,
    "relativePath": "misc\\default_video.mp4"
  },
  "f6e6dd15-71d1-4ffe-ace7-24fd39942c05": {
    "asset": 1513678363665,
    "meta": 1511259900000,
    "relativePath": "obsolete"
  },
  "b8223619-7e38-47c4-841f-9160c232495a": {
    "asset": 1511259900000,
    "meta": 1511259900000,
    "relativePath": "obsolete\\atom.plist"
  },
  "f743d2b6-b7ea-4c14-a55b-547ed4d0a045": {
    "asset": 1513678358283,
    "meta": 1511259900000,
    "relativePath": "particle"
  },
  "b2687ac4-099e-403c-a192-ff477686f4f5": {
    "asset": 1511259900000,
    "meta": 1511259900000,
    "relativePath": "particle\\atom.plist"
  },
  "ae6c6c98-11e4-452f-8758-75f5c6a56e83": {
    "asset": 1513678375256,
    "meta": 1511259900000,
    "relativePath": "prefab"
  },
  "b181c1e4-0a72-4a91-bfb0-ae6f36ca60bd": {
    "asset": 1511259900000,
    "meta": 1524131788844,
    "relativePath": "image\\default_toggle_pressed.png"
  },
  "972b9a4d-47ee-4c74-b5c3-61d8a69bc29f": {
    "asset": 1511259900000,
    "meta": 1524131788848,
    "relativePath": "prefab\\button.prefab"
  },
  "2c937608-2562-40ea-b264-7395df6f0cea": {
    "asset": 1511259900000,
    "meta": 1524131788849,
    "relativePath": "prefab\\canvas.prefab"
  },
  "61aeb05b-3b32-452b-8eed-2b76deeed554": {
    "asset": 1511259900000,
    "meta": 1524131788851,
    "relativePath": "prefab\\editbox.prefab"
  },
  "27756ebb-3d33-44b0-9b96-e858fadd4dd4": {
    "asset": 1511259900000,
    "meta": 1524131788853,
    "relativePath": "prefab\\label.prefab"
  },
  "785a442c-3ceb-45be-a46e-7317f625f3b9": {
    "asset": 1511259900000,
    "meta": 1524131788856,
    "relativePath": "prefab\\layout.prefab"
  },
  "ca8401fe-ad6e-41a8-bd46-8e3e4e9945be": {
    "asset": 1511259900000,
    "meta": 1524131788857,
    "relativePath": "prefab\\pageview.prefab"
  },
  "5965ffac-69da-4b55-bcde-9225d0613c28": {
    "asset": 1511259900000,
    "meta": 1524131788863,
    "relativePath": "prefab\\progressBar.prefab"
  },
  "cd33edea-55f5-46c2-958d-357a01384a36": {
    "asset": 1511259900000,
    "meta": 1524131788864,
    "relativePath": "prefab\\particlesystem.prefab"
  },
  "4a37dd57-78cd-4cec-aad4-f11a73d12b63": {
    "asset": 1511259900000,
    "meta": 1524131788867,
    "relativePath": "prefab\\richtext.prefab"
  },
  "32044bd2-481f-4cf1-a656-e2b2fb1594eb": {
    "asset": 1511259900000,
    "meta": 1524131788869,
    "relativePath": "prefab\\scrollview.prefab"
  },
  "0004d1cf-a0ad-47d8-ab17-34d3db9d35a3": {
    "asset": 1511259900000,
    "meta": 1524131788872,
    "relativePath": "prefab\\slider.prefab"
  },
  "1f55e3be-b89b-4b79-88de-47fd31018044": {
    "asset": 1511259900000,
    "meta": 1524131788873,
    "relativePath": "prefab\\sprite_splash.prefab"
  },
  "96083d03-c332-4a3f-9386-d03e2d19e8ee": {
    "asset": 1511259900000,
    "meta": 1524131788874,
    "relativePath": "prefab\\sprite.prefab"
  },
  "7de03a80-4457-438d-95a7-3e7cdffd6086": {
    "asset": 1511259900000,
    "meta": 1524131788876,
    "relativePath": "prefab\\tiledmap.prefab"
  },
  "0d784963-d024-4ea6-a7db-03be0ad63010": {
    "asset": 1511259900000,
    "meta": 1524131788890,
    "relativePath": "prefab\\toggle.prefab"
  },
  "bf0a434c-84dd-4a8e-a08a-7a36f180cc75": {
    "asset": 1511259900000,
    "meta": 1524131788893,
    "relativePath": "prefab\\toggleGroup.prefab"
  },
  "232d2782-c4bd-4bb4-9e01-909f03d6d3b9": {
    "asset": 1511259900000,
    "meta": 1524131788895,
    "relativePath": "prefab\\videoplayer.prefab"
  },
  "8c5001fd-07ee-4a4b-a8a0-63e15195e94d": {
    "asset": 1511259900000,
    "meta": 1524131788904,
    "relativePath": "prefab\\webview.prefab"
  },
  "3680c0e6-b586-476e-9ffe-fb9d81ad78c3": {
    "asset": 1465662140735,
    "meta": 1524131788930,
    "relativePath": "ReadMe.md"
  },
  "7923ef49-5bf5-4ff3-b1c4-aaccbf275fb7": {
    "asset": 1524131865857,
    "meta": 1524131865883,
    "relativePath": "New Scene.fire"
  },
  "31d5ecc3-8a17-4047-bbfb-471bcd0d4d3d": {
    "asset": 1465659178255,
    "meta": 1524131789373,
    "relativePath": "startBtn2.png"
  },
  "09bf7099-3b9f-46db-9afb-732fa6c7ac3b": {
    "asset": 1524131994131,
    "meta": 1524132581651,
    "relativePath": "gizmos\\CustomComponent.js"
  }
}